{"count":1,"gauges":{"RollerBall.CumulativeReward":{"count":221,"max":1,"min":1,"value":1,"weightedAverage":1}},"self":234.5521408,"total":250.3269025,"children":{"AgentSendState":{"count":12365,"self":0.0745231,"total":0.0844764,"children":{"CollectObservations":{"count":2473,"self":0.008953899999999999,"total":0.008953899999999999,"children":null},"CollectDiscreteActionMasks":{"count":2473,"self":0.0009994,"total":0.0009994,"children":null}}},"DecideAction":{"count":12365,"self":15.6006992,"total":15.6006992,"children":null},"AgentAct":{"count":12365,"self":0.0885947,"total":0.0885947,"children":null}}}